course_id,course_name,duration,course_img_url,description,difficulty_level,course_file_url,createdAt
100,Commissioning editor Fundamentals,5 months,https://picsum.photos/seed/Bpuwgf/795/788,Loss give employee ball. Eye level popular apply see moment.,INTERMEDIATE,https://youthful-tomography.name,2024-10-11 14:38:30.817
101,Neurosurgeon Fundamentals,1 months,https://picsum.photos/seed/uny9n/1528/3373,She change picture. Produce owner voice if. Different leave third city.,EXPERT,https://bad-celsius.biz,2024-10-11 14:38:30.821
9,MERN stack,6 weeks,http://res.cloudinary.com/deppcolt3/image/upload/v1728019144/course_images/xgdrpah27vnszekuo5gw.webp,"A MERN stack course covers the integration of four key technologies: MongoDB, Express.js, React, and Node.js. It teaches how to build full-stack web applications, from front-end user interfaces to back-end APIs and databases. The course focuses on developing scalable, dynamic web applications using JavaScript across the stack.",INTERMEDIATE,https://www.dropbox.com/scl/fi/8oyspsyf7pnlptgc1z66m/mern.pdf?rlkey=llkekiqcvd05qe5mi9ca1q6lv&raw=1,2024-10-11 19:28:53.435
10,Reactjs,2 weeks,http://res.cloudinary.com/deppcolt3/image/upload/v1728019582/course_images/gxk50xls29txvd5lv5t5.png,"A React.js course typically covers the fundamentals of building dynamic user interfaces using components, JSX, and state management. It introduces key concepts like props, hooks, and routing for creating responsive web applications. Advanced topics may include managing global state with tools like Redux, optimizing performance, and integrating with backend APIs.",BEGINNER,https://www.dropbox.com/scl/fi/tmt5p53htmqsef1choidw/reactjs.pdf_1728019582634?rlkey=0570kaguljkmn7q6jwn25qdy2&raw=1,2024-10-11 19:28:53.435
12,Machine Learning,6 weeks,http://res.cloudinary.com/deppcolt3/image/upload/v1728303232/course_images/ajbqswhkfxbjoapbpwkd.jpg,"A machine learning (ML) learning path is a structured curriculum designed to guide learners through the various stages of mastering machine learning concepts and techniques. It typically includes foundational topics like statistics and programming, advanced topics such as neural networks and deep learning, and practical applications through hands-on projects. Following a learning path helps learners systematically build their skills and knowledge, ensuring they are well-prepared for real-world ML challenges.",EXPERT,https://www.dropbox.com/scl/fi/hhc1u040k6jl9sspw6dq0/ML.pdf_1728303233568?rlkey=17hx6ujuws849fcevn97shfy6&raw=1,2024-10-11 19:28:53.435
102,"Merchandiser, retail Fundamentals",2 months,https://loremflickr.com/47/2379?lock=7122259691008049,Change finish production realize president. Option customer understand act any.,BEGINNER,https://well-documented-starboard.org/,2024-10-11 14:38:30.823
103,Arts development officer Fundamentals,3 months,https://picsum.photos/seed/VHp9HyL/139/439,Shoulder pressure subject notice determine sister ability professional.,INTERMEDIATE,https://joyous-starboard.net/,2024-10-11 14:38:30.826
104,"Embryologist, clinical Fundamentals",3 months,https://loremflickr.com/213/3665?lock=3331459706242799,Interview huge agree. They wish analysis city.,BEGINNER,https://mealy-insolence.biz,2024-10-11 14:38:30.829
105,Marketing executive Fundamentals,2 months,https://picsum.photos/seed/udwbcsu1r/392/1409,Apply bring music institution certain spring.,INTERMEDIATE,https://useless-netsuke.info,2024-10-11 14:38:30.831
106,Mechanical engineer Fundamentals,3 months,https://picsum.photos/seed/lDPgefz/3894/2027,Business heart matter experience.,EXPERT,https://drab-hamburger.biz/,2024-10-11 14:38:30.833
107,Occupational hygienist Fundamentals,1 months,https://loremflickr.com/2375/1106?lock=976778876696231,Red true factor. Hot quality outside road each final key sing.,EXPERT,https://babyish-legend.biz,2024-10-11 14:38:30.835
108,Arboriculturist Fundamentals,1 months,https://picsum.photos/seed/rI0wxL0fjf/3468/3103,East dog Mrs summer factor remember yeah. Any budget wonder like reveal travel.,INTERMEDIATE,https://steel-slime.info,2024-10-11 14:38:30.837
109,IT trainer Fundamentals,3 months,https://picsum.photos/seed/d0yi0UlSse/142/476,Training get security her American garden Democrat despite.,INTERMEDIATE,https://impossible-bookend.org,2024-10-11 14:38:30.839
110,Site engineer Fundamentals,2 months,https://picsum.photos/seed/biWYQfCCYJ/236/1984,Yard experience support. Edge enter economic note over.,INTERMEDIATE,https://vivid-interviewer.com,2024-10-11 14:38:30.841
111,"Loss adjuster, chartered Fundamentals",5 months,https://picsum.photos/seed/80R0q/1256/1481,Fund food art hold buy. Common politics level stand.,EXPERT,https://hollow-polyester.com/,2024-10-11 14:38:30.843
112,Exercise physiologist Fundamentals,4 months,https://picsum.photos/seed/Mv7ru/1028/2447,Sometimes participant degree without style build notice.,EXPERT,https://trivial-bonnet.com,2024-10-11 14:38:30.845
113,Theatre stage manager Fundamentals,1 months,https://picsum.photos/seed/jjR9yCqks4/629/675,Few operation language statement defense. Able third draw child.,INTERMEDIATE,https://severe-confusion.name/,2024-10-11 14:38:30.847
114,Travel agency manager Fundamentals,4 months,https://picsum.photos/seed/P9vsjVRWCm/3077/952,Upon authority reflect democratic. Guess too against pretty remain short heavy.,BEGINNER,https://agile-lifestyle.net,2024-10-11 14:38:30.849
115,Office manager Fundamentals,2 months,https://picsum.photos/seed/xgUhfBW/47/3708,Since sing industry instead strong benefit. Society president name people.,BEGINNER,https://fragrant-repeat.com,2024-10-11 14:38:30.852
116,"Engineer, production Fundamentals",1 months,https://loremflickr.com/2165/274?lock=8237285895229261,Student with floor dream. Accept current to light.,BEGINNER,https://stable-license.com,2024-10-11 14:38:30.854
117,Industrial buyer Fundamentals,4 months,https://picsum.photos/seed/ji7mz5IVvp/377/1436,Table shake charge the. And any just film. Every personal front.,BEGINNER,https://superficial-crest.info,2024-10-11 14:38:30.856
118,Research scientist (life sciences) Fundamentals,6 months,https://loremflickr.com/1561/1351?lock=6492963843083953,Suggest let wear real political. Clearly sea explain wait role.,INTERMEDIATE,https://electric-numeracy.info/,2024-10-11 14:38:30.858
119,Occupational hygienist Fundamentals,1 months,https://picsum.photos/seed/DhtCALBGWS/2955/2465,Program officer collection one vote individual middle.,BEGINNER,https://whopping-dime.biz,2024-10-11 14:38:30.860
120,"Engineer, automotive Fundamentals",4 months,https://picsum.photos/seed/ImGVstrRC/3204/808,These policy until value show.,INTERMEDIATE,https://steep-poppy.com,2024-10-11 14:38:30.862
121,"Surveyor, building Fundamentals",1 months,https://loremflickr.com/792/3487?lock=5707209687534772,Its mother stage tend window understand budget no. Consider art news region.,EXPERT,https://coordinated-epic.net/,2024-10-11 14:38:30.864
122,Television camera operator Fundamentals,4 months,https://picsum.photos/seed/oCOiqmugHj/3968/2043,Final exactly trial state himself economy. Spend effort relationship animal.,INTERMEDIATE,https://unconscious-newsprint.biz,2024-10-11 14:38:30.866
123,Paediatric nurse Fundamentals,1 months,https://loremflickr.com/598/842?lock=2069045893887356,Television worry information series. Son evidence agreement increase.,INTERMEDIATE,https://mysterious-disk.name/,2024-10-11 14:38:30.869
124,Armed forces training and education officer Fundamentals,3 months,https://loremflickr.com/812/1591?lock=683911643393137,Yes spend certainly beat out factor seven. Positive standard talk mention.,EXPERT,https://tired-declaration.com,2024-10-11 14:38:30.870
125,Metallurgist Fundamentals,1 months,https://loremflickr.com/1311/3098?lock=4656131976797271,Window PM enter check nothing hand always.,EXPERT,https://indelible-bug.info,2024-10-11 14:38:30.872
126,Chief Executive Officer Fundamentals,4 months,https://loremflickr.com/1885/3970?lock=4041968902468208,Development both wife. Half any six garden story.,EXPERT,https://dramatic-bakeware.biz/,2024-10-11 14:38:30.874
127,Air broker Fundamentals,1 months,https://loremflickr.com/2410/3750?lock=6580976817876383,Attorney teacher red show.,INTERMEDIATE,https://snarling-tuba.org/,2024-10-11 14:38:30.876
128,Furniture designer Fundamentals,4 months,https://picsum.photos/seed/CEUWGDB/3137/3061,Fish science blood determine ago great phone. Enjoy top leave skin also change.,INTERMEDIATE,https://specific-yogurt.info,2024-10-11 14:38:30.878
129,Diagnostic radiographer Fundamentals,6 months,https://picsum.photos/seed/bilNZNp/1109/2319,Organization compare enjoy whatever company.,BEGINNER,https://untidy-accompanist.org/,2024-10-11 14:38:30.880
130,Higher education lecturer Fundamentals,5 months,https://loremflickr.com/752/3680?lock=338481594168762,Particular beat watch attack some against outside.,EXPERT,https://corrupt-petal.biz,2024-10-11 14:38:30.882
131,Industrial/product designer Fundamentals,6 months,https://loremflickr.com/339/269?lock=3128050257653899,There may new edge mission.,EXPERT,https://clueless-embossing.org/,2024-10-11 14:38:30.884
132,IT trainer Fundamentals,3 months,https://loremflickr.com/1949/1898?lock=7681435059014647,Issue involve guy heart material child.,EXPERT,https://babyish-scale.biz/,2024-10-11 14:38:30.886
133,Occupational hygienist,2 months,https://loremflickr.com/3298/116?lock=5121530070492810,Against peace simple what group medical.,INTERMEDIATE,https://decisive-suv.biz/,2024-10-11 14:38:30.888
134,Production manager Fundamentals,6 months,https://picsum.photos/seed/QJcfXfe/1052/2757,Morning paper responsibility. Network least again face program ten song.,EXPERT,https://fortunate-trick.org/,2024-10-11 14:38:30.890
135,Administrator Fundamentals,5 months,https://picsum.photos/seed/P0BolfRQK/810/3445,Way instead somebody place. The soon mouth example north.,INTERMEDIATE,https://whirlwind-sonnet.org,2024-10-11 14:38:30.892
136,Adult guidance worker Fundamentals,4 months,https://loremflickr.com/879/1630?lock=7620897932405504,Know water push close. Produce picture no investment stop.,EXPERT,https://neighboring-hundred.net,2024-10-11 14:38:30.894
137,Podiatrist Fundamentals,6 months,https://loremflickr.com/568/1984?lock=5528984785470182,Majority family everybody sign. Fall she color would arm pay risk.,BEGINNER,https://reflecting-pupil.net,2024-10-11 14:38:30.896
138,"Copywriter, advertising Fundamentals",5 months,https://loremflickr.com/2276/2902?lock=1586649645585467,About foreign course.,BEGINNER,https://numb-nudge.name,2024-10-11 14:38:30.898
139,"Engineer, site Fundamentals",5 months,https://loremflickr.com/182/3823?lock=274502938453462,Support type it car. Fall attention cut almost resource.,BEGINNER,https://honorable-yarmulke.info,2024-10-11 14:38:30.900
140,Structural engineer Fundamentals,1 months,https://loremflickr.com/3937/1986?lock=6821880305883628,Project wear throughout hold know dinner.,EXPERT,https://perfumed-jump.info,2024-10-11 14:38:30.902
141,Accommodation manager Fundamentals,2 months,https://picsum.photos/seed/KkVSqNP2a/2952/2135,Prevent six you country design including.,BEGINNER,https://illustrious-freckle.name/,2024-10-11 14:38:30.904
142,Politician's assistant Fundamentals,2 months,https://picsum.photos/seed/pn9jf60oL/3228/3703,After tonight thought allow may state five.,INTERMEDIATE,https://near-bakeware.name,2024-10-11 14:38:30.906
143,Waste management officer Fundamentals,6 months,https://loremflickr.com/2791/3378?lock=2769534384493104,Change firm office particular alone trial. Already adult on others.,EXPERT,https://juicy-sonnet.info,2024-10-11 14:38:30.908
144,"Designer, ceramics/pottery Fundamentals",4 months,https://picsum.photos/seed/lE7XNG2C1/2924/1469,Right doctor although. Decade million standard rather born.,BEGINNER,https://troubled-printer.org,2024-10-11 14:38:30.910
145,Barista Fundamentals,1 months,https://loremflickr.com/2049/224?lock=7998955321961267,Head worker local better. Purpose feeling stand thousand policy theory none.,INTERMEDIATE,https://ugly-wear.info/,2024-10-11 14:38:30.912
146,"Engineer, control and instrumentation Fundamentals",2 months,https://loremflickr.com/3790/1492?lock=7779586808009727,Apply up hour camera size. Forward agent as still production energy.,INTERMEDIATE,https://focused-commodity.info,2024-10-11 14:38:30.914
147,"Engineer, control and instrumentation Fundamentals",6 months,https://loremflickr.com/2895/2664?lock=3665816242659572,Tree strong cut page information wonder child. Very respond lay test learn.,EXPERT,https://tinted-custom.name,2024-10-11 14:38:30.917
148,Pathologist Fundamentals,5 months,https://loremflickr.com/3379/2999?lock=2495777771361049,Trade relate any wear important choose.,EXPERT,https://hefty-forage.biz,2024-10-11 14:38:30.918
149,Insurance claims handler Fundamentals,1 months,https://loremflickr.com/2079/2858?lock=2151140833482610,Care consumer full consider ahead. Realize audience job against year catch.,BEGINNER,https://orderly-cheetah.name/,2024-10-11 14:38:30.921
150,Music therapist Fundamentals,2 months,https://loremflickr.com/2719/738?lock=5645225779131538,Eye could have generation agreement study. Plan member think.,INTERMEDIATE,https://gracious-epic.info,2024-10-11 14:38:30.923
151,Commercial horticulturist Fundamentals,3 months,https://loremflickr.com/3924/2966?lock=6365082115862266,Tree low fact huge explain wait above. Work check amount address.,BEGINNER,https://uncomfortable-dime.name,2024-10-11 14:38:30.926
152,"Scientist, research (physical sciences) Fundamentals",4 months,https://picsum.photos/seed/blPqow2/1536/3753,Trial practice half. And clearly water resource measure.,EXPERT,https://proper-chapel.name,2024-10-11 14:38:30.928
153,Educational psychologist Fundamentals,3 months,https://picsum.photos/seed/qhrj1Dzc/150/3654,She process main exactly sense development. Myself into sell administration.,INTERMEDIATE,https://silky-eyebrow.net,2024-10-11 14:38:30.930
154,Trading standards officer Fundamentals,1 months,https://picsum.photos/seed/c5qdhyC/3376/3384,Baby sing small goal reduce. Today design trial language choice activity.,INTERMEDIATE,https://rapid-pillow.info,2024-10-11 14:38:30.933
155,"Education officer, community Fundamentals",3 months,https://loremflickr.com/2764/3237?lock=7975851214810476,Stuff water difference seem set. Son pattern Mrs direction fear official.,EXPERT,https://raw-hydrolyse.net,2024-10-11 14:38:30.935
156,Animal technologist Fundamentals,3 months,https://picsum.photos/seed/QLMCFT/3354/1008,Next today American price involve. Some threat buy born beautiful.,EXPERT,https://afraid-concentration.com/,2024-10-11 14:38:30.937
157,Site engineer Fundamentals,6 months,https://loremflickr.com/1811/2729?lock=446138019174622,Just produce natural practice. Day exactly husband huge technology.,EXPERT,https://secret-pigsty.net/,2024-10-11 14:38:30.940
158,"Engineer, chemical Fundamentals",5 months,https://loremflickr.com/1344/3712?lock=5694892007171369,Level always fine gas take. Seek structure factor economy none.,INTERMEDIATE,https://edible-scrap.com,2024-10-11 14:38:30.942
159,Tourist information centre manager Fundamentals,5 months,https://loremflickr.com/704/2884?lock=6081888895468775,Election foreign official forward. Door though assume end about type century.,INTERMEDIATE,https://gloomy-anticodon.org,2024-10-11 14:38:30.945
160,"Scientist, biomedical Fundamentals",4 months,https://picsum.photos/seed/hewAYfHiHB/1071/2865,Live on ground natural page message.,EXPERT,https://primary-tusk.name/,2024-10-11 14:38:30.947
161,Analytical chemist Fundamentals,4 months,https://picsum.photos/seed/q9q73aCOC/1006/634,Too to foreign similar policy realize floor. Newspaper if court leg election.,EXPERT,https://broken-maestro.net,2024-10-11 14:38:30.949
162,Senior tax professional/tax inspector Fundamentals,5 months,https://picsum.photos/seed/2QPbpcdu/1961/1815,Matter hit society degree.,EXPERT,https://impressionable-swim.com/,2024-10-11 14:38:30.951
163,Ophthalmologist Fundamentals,1 months,https://loremflickr.com/2151/1028?lock=3691533411169983,Traditional several management. Prepare trouble environment some.,INTERMEDIATE,https://dead-slime.org/,2024-10-11 14:38:30.953
164,Education administrator Fundamentals,2 months,https://picsum.photos/seed/N2avPs7YAu/3147/3228,Family summer service. Just stand watch condition.,INTERMEDIATE,https://ambitious-waist.name,2024-10-11 14:38:30.955
165,Electronics engineer Fundamentals,4 months,https://loremflickr.com/2099/2627?lock=1105701496815753,Institution both speak Democrat. Way Mr agency control.,BEGINNER,https://impressive-hepatitis.name,2024-10-11 14:38:30.958
166,Chief Financial Officer Fundamentals,5 months,https://loremflickr.com/3474/596?lock=8434443531397191,Author decision state recent strong age value. Cup western force garden.,INTERMEDIATE,https://hospitable-parade.name/,2024-10-11 14:38:30.960
167,"Psychologist, sport and exercise Fundamentals",6 months,https://picsum.photos/seed/b2HqcSnJWN/152/2329,Teacher others work phone agreement man eat.,INTERMEDIATE,https://well-off-porter.info,2024-10-11 14:38:30.962
168,"Scientist, clinical (histocompatibility and immunogenetics) Fundamentals",5 months,https://loremflickr.com/3969/506?lock=8771503516417781,Technology radio laugh blue anyone general which.,INTERMEDIATE,https://puny-in-joke.biz,2024-10-11 14:38:30.964
169,Personnel officer Fundamentals,4 months,https://picsum.photos/seed/9lolxqf/2277/613,Still wish clear table positive wind coach. Class teach let.,INTERMEDIATE,https://shameless-legging.biz,2024-10-11 14:38:30.966
170,Publishing copy Fundamentals,1 months,https://loremflickr.com/274/241?lock=1340960185551928,Allow conference future we eat goal finish.,EXPERT,https://terrible-schedule.org,2024-10-11 14:38:30.968
171,Retail manager Fundamentals,5 months,https://picsum.photos/seed/meR5byKo/2721/3102,Trade him thing former protect candidate.,BEGINNER,https://stormy-pillow.com,2024-10-11 14:38:30.970
172,Immigration officer Fundamentals,3 months,https://picsum.photos/seed/Jf0Tz/2546/3159,Each start wear manage spring. Too evening money may indicate that.,EXPERT,https://diligent-term.name/,2024-10-11 14:38:30.972
173,Product manager Fundamentals,1 months,https://picsum.photos/seed/BUsqYg/3540/3741,North class different base step area. Much someone reach every treatment.,EXPERT,https://insecure-surface.com/,2024-10-11 14:38:30.974
174,"Librarian, public Fundamentals",2 months,https://loremflickr.com/2373/3217?lock=7438316589335402,From name heavy house relate though. Television present stage.,INTERMEDIATE,https://velvety-eyebrow.net/,2024-10-11 14:38:30.976
175,Clinical research associate Fundamentals,1 months,https://loremflickr.com/2956/1029?lock=1441560901330365,Include meet not remain. Decade nice decision political law join guy.,BEGINNER,https://clean-pile.biz/,2024-10-11 14:38:30.978
176,Pharmacologist Fundamentals,4 months,https://loremflickr.com/3542/2684?lock=3473990400757768,Water poor discuss top director note American.,EXPERT,https://flawed-bell.info,2024-10-11 14:38:30.981
177,Homeopath Fundamentals,1 months,https://picsum.photos/seed/78ZRSsx/1667/3647,Manager just summer most. Television or environmental find.,INTERMEDIATE,https://french-veto.info,2024-10-11 14:38:30.983
178,Risk manager Fundamentals,3 months,https://picsum.photos/seed/v7IQcbZ/297/1477,World evidence include top region understand pattern.,INTERMEDIATE,https://clueless-event.org,2024-10-11 14:38:30.984
179,Systems analyst Fundamentals,1 months,https://picsum.photos/seed/Yi7ksnZ/1781/1485,Discussion employee positive city front wish.,EXPERT,https://kaleidoscopic-scratch.org,2024-10-11 14:38:30.986
180,Geophysical data processor Fundamentals,6 months,https://picsum.photos/seed/TicjOoVs6/584/524,Friend beautiful likely likely right off summer.,EXPERT,https://turbulent-vision.name,2024-10-11 14:38:30.987
181,Furniture designer Fundamentals,2 months,https://picsum.photos/seed/QRsTht1i/787/2930,Not those lawyer this account specific player. Become down save into.,EXPERT,https://putrid-license.com,2024-10-11 14:38:30.989
182,"Engineer, mining Fundamentals",6 months,https://picsum.photos/seed/sUQCQSv/3959/3695,Approach couple represent save through. Us evening whatever.,INTERMEDIATE,https://brilliant-technologist.info,2024-10-11 14:38:30.992
183,Tax adviser Fundamentals,5 months,https://loremflickr.com/3165/1151?lock=6261882491493229,Live teach environment animal require then.,BEGINNER,https://cluttered-cash.net,2024-10-11 14:38:30.993
184,Multimedia specialist Fundamentals,4 months,https://picsum.photos/seed/Pu60THwF/1396/3940,New capital professional open free clearly forget.,BEGINNER,https://talkative-video.org,2024-10-11 14:38:30.995
185,Records manager Fundamentals,6 months,https://picsum.photos/seed/jlLEUnLFVw/2257/3082,Maintain analysis building less maybe agree. Party simple account media.,BEGINNER,https://sunny-minority.com,2024-10-11 14:38:30.997
186,"Pilot, airline Fundamentals",6 months,https://picsum.photos/seed/9YuCGpan5/1885/988,Audience fear growth. Position above friend face toward truth four talk.,EXPERT,https://musty-entry.org,2024-10-11 14:38:30.999
187,Energy engineer Fundamentals,3 months,https://loremflickr.com/540/1097?lock=6572678244348775,Wear bring small teacher. Usually crime next. Idea current case friend.,EXPERT,https://stupendous-reorganisation.info/,2024-10-11 14:38:31.001
188,"Research officer, trade union Fundamentals",6 months,https://loremflickr.com/1010/750?lock=7955777132402280,Serve rock figure. Spring color step.,EXPERT,https://unruly-filter.name/,2024-10-11 14:38:31.002
189,Youth worker Fundamentals,2 months,https://picsum.photos/seed/38ZilZvi/1584/582,Media white likely modern agreement activity.,BEGINNER,https://oily-scenario.name/,2024-10-11 14:38:31.003
190,Fashion designer Fundamentals,6 months,https://loremflickr.com/3012/3732?lock=2449199349020158,Through mean second fish do half organization.,INTERMEDIATE,https://pointed-schnitzel.org,2024-10-11 14:38:31.005
191,Arts development officer Fundamentals,6 months,https://picsum.photos/seed/hdKvLQmL/640/2981,Once rule hour. Perhaps finish need over. Activity rich course room.,EXPERT,https://avaricious-priesthood.biz,2024-10-11 14:38:31.008
192,Planning and development surveyor Fundamentals,3 months,https://picsum.photos/seed/ztLU1uEu/1407/3622,Fire your level these movie hard I blood. Water soldier girl body.,BEGINNER,https://anguished-nun.org/,2024-10-11 14:38:31.010
193,"Editor, commissioning Fundamentals",3 months,https://loremflickr.com/49/2024?lock=6493463656797314,From special low them cultural good.,BEGINNER,https://likely-offset.org,2024-10-11 14:38:31.012
194,"Production assistant, television Fundamentals",3 months,https://picsum.photos/seed/r9CkD/1037/2508,Cup decision foreign want list deep. Believe plan north fall bed.,INTERMEDIATE,https://agile-instance.biz/,2024-10-11 14:38:31.014
195,Automotive engineer Fundamentals,3 months,https://loremflickr.com/1521/3626?lock=4253875163936438,Full will century deal wrong leave. Seat glass value away.,EXPERT,https://avaricious-trolley.net,2024-10-11 14:38:31.016
196,Electrical engineer Fundamentals,2 months,https://loremflickr.com/3538/217?lock=6361277317875343,Board section thought property window.,EXPERT,https://qualified-provider.org/,2024-10-11 14:38:31.018
197,"Designer, graphic Fundamentals",2 months,https://picsum.photos/seed/swZU0/3910/3423,White recently give agent military. Product wonder record theory author.,INTERMEDIATE,https://well-to-do-governance.org/,2024-10-11 14:38:31.020
198,Aeronautical engineer Fundamentals,6 months,https://loremflickr.com/3050/552?lock=8071605564224365,Only majority simple. Environmental large say finish.,INTERMEDIATE,https://homely-colonialism.name/,2024-10-11 14:38:31.022
199,"Nurse, adult Fundamentals",4 months,https://picsum.photos/seed/AY16FU6k/3379/2750,Possible sense face certain seem begin. Main reveal year rise.,INTERMEDIATE,https://windy-mechanic.com/,2024-10-11 14:38:31.023
